Company,Industry,Website,ATS_Url,Method
Tennr,Artificial Intelligence,https://tennr.com,https://jobs.ashbyhq.com/tennr,URL_Guess
Listen Labs,Artificial Intelligence,https://www.listenlabs.io/,https://jobs.ashbyhq.com/listenlabs,URL_Guess
Statsig,SaaS,https://statsig.com,https://jobs.ashbyhq.com/statsig,URL_Guess
Saronic,Hardware,https://saronic.nl,https://jobs.lever.co/saronic,URL_Guess
Sprinter Health,Healthcare,https://sprinterhealth.com,https://jobs.ashbyhq.com/sprinter-health,URL_Guess
Kalshi,Exchanges,https://kalshi.com,https://jobs.ashbyhq.com/kalshi,URL_Guess
Render,SaaS,https://renderosity.com,https://jobs.ashbyhq.com/render,URL_Guess
NewLimit,Biotech,https://newlimit.com,https://job-boards.greenhouse.io/newlimit,Site_careers
Harmonic,Artificial Intelligence,https://harmonicinc.com,https://jobs.ashbyhq.com/harmonic,URL_Guess
Base Power,Hardware,https://basepower.co.nz,https://jobs.ashbyhq.com/base-power,URL_Guess
Reflect Orbital,Hardware,https://reflectorbital.com,https://jobs.ashbyhq.com/reflect-orbital,URL_Guess
Rilla,Artificial Intelligence,https://rillaparty.com,https://jobs.ashbyhq.com/rilla,URL_Guess
Speak,SaaS,https://speakeasy.net,https://jobs.ashbyhq.com/speak,URL_Guess
Infinitus,Health,https://infinitus.com.cn,https://jobs.ashbyhq.com/infinitus,URL_Guess
Radiant,Hardware,https://rccfiber.com,https://jobs.ashbyhq.com/radiant,URL_Guess
Eclypsium,Cybersecurity,https://eclypsium.com,,
Decagon,Artificial Intelligence,https://decagonhq.com,https://jobs.ashbyhq.com/decagon,URL_Guess
Blossom,Artificial Intelligence,https://blossom.co,,
Basis,SaaS,https://mybasis.com,https://jobs.lever.co/basis,URL_Guess
Allium,Artificial Intelligence,https://allium.cz,https://jobs.ashbyhq.com/allium,URL_Guess
Safe Superintelligence,Artificial Intelligence,,https://jobs.lever.co/safe,URL_Guess
Camber,Healthcare,https://flycamber.com,https://jobs.ashbyhq.com/camber,URL_Guess
Cents,SaaS,https://99only.com,https://jobs.lever.co/cents,URL_Guess
Codeium,Artificial Intelligence,https://codeium.com,https://jobs.ashbyhq.com/cognition,Site_Homepage
Ataraxis,Artificial Intelligence,https://ataraxis.cc,,
ClickHouse,SaaS,https://clickhouse.com,https://clickhouse.com/company/careers,Custom_careers_Page
Traba,Marketplace,https://trabajando.cl,https://jobs.ashbyhq.com/traba,URL_Guess
Ema,Artificial Intelligence,https://emag.ro,https://jobs.ashbyhq.com/ema,URL_Guess
Hebbia,Artificial Intelligence,https://hebbia.ai,https://job-boards.greenhouse.io/hebbia,Site_careers
Quantum Circuits,Hardware,https://quantumcircuits.com,https://jobs.lever.co/quantumcircuits,URL_Guess
Cognition,Artificial Intelligence,https://cognitionllc.com,https://jobs.ashbyhq.com/cognition,URL_Guess
xAI,Artificial Intelligence,https://x.ai,https://job-boards.greenhouse.io/xai,Site_careers
HeyGen,Artificial Intelligence,https://heygen.com,https://job-boards.greenhouse.io/heygen,Site_Homepage
LangChain,Artificial Intelligence,,https://jobs.ashbyhq.com/langchain,URL_Guess
Graphite,Artificial Intelligence,https://graphite.com,https://jobs.ashbyhq.com/graphite,URL_Guess
Watershed,Sustainability,https://watershed.com,https://jobs.ashbyhq.com/watershed,URL_Guess
Vivodyne,Artificial Intelligence,https://vivodyne.com,https://www.vivodyne.com/careers,Custom_careers_Page
Pogo,Consumer,https://joinpogo.com,,
Cortex,Enterprise Software,https://cortex.io,https://job-boards.greenhouse.io/cortex,Site_careers
Temporal,Enterprise Software,https://temporal.io,https://jobs.ashbyhq.com/temporal,URL_Guess
Adaptive Security,Artificial Intelligence,https://adaptivesecurity.co.uk,https://jobs.ashbyhq.com/adaptive,URL_Guess
Replit,SaaS,https://replit.com,https://jobs.ashbyhq.com/replit,URL_Guess
Ambience Healthcare,Artificial Intelligence,https://ambiencehealthcare.com,https://jobs.ashbyhq.com/ambiencehealthcare,URL_Guess
Pika,Artificial Intelligence,https://pikabu.ru,https://jobs.ashbyhq.com/pika,URL_Guess
Instabase,Software,https://instabase.com,https://job-boards.greenhouse.io/instabase,Site_jobs
Nooks,Artificial Intelligence,https://nooksisland.com,https://jobs.ashbyhq.com/nooks,URL_Guess
Varda,Manufacturing,https://vardainc.com,https://vardainc.com/careers,Custom_careers_Page
DUST Identity,Cybersecurity,https://dustidentity.com,https://jobs.ashbyhq.com/dust,URL_Guess
Air Space Intelligence,Artificial Intelligence,https://airspace-intelligence.com,https://jobs.ashbyhq.com/air,URL_Guess
Captions,Artificial Intelligence,https://captions.ai,https://captions.ai/jobs,Custom_jobs_Page
Asimov,Biotech,https://asimovrobotics.com,https://jobs.ashbyhq.com/asimov,URL_Guess
Hadrian,Hardware,https://hadrian-inc.com,,
Zus Health,Healthcare,https://zushealth.com,https://jobs.lever.co/zushealth,URL_Guess
Memora Health,Healthcare,https://memorahealth.com,https://jobs.ashbyhq.com/memora,URL_Guess
MindsDB,Artificial Intelligence,https://mindsdb.com,https://mindsdb.com/careers,Custom_careers_Page
Light Field Lab,Entertainment,https://lightfieldlab.com,https://jobs.ashbyhq.com/light,URL_Guess
Stainless,SaaS,https://stainlessdiesel.com,,
Pomelo,FinTech,https://pomelo.la,https://pomelo.la/es/work-with-us/,Custom_work-with-us_Page
Graphiant,Networking,https://graphiant.com,https://www.graphiant.com/careers,Custom_careers_Page
Axoni,Crypto,https://axoni.com,https://axoni.com/careers/,Custom_careers_Page
IgGenix,Biotech,https://iggenix.com,https://iggenix.com,Custom_careers_Page
Squint,Artificial Intelligence,https://squint.ai,https://www.squint.ai/careers,Custom_careers_Page
Shef,Marketplaces,https://shef.com,https://shef.com/careers,Custom_careers_Page
Landis,Real Estate,https://landis.com,https://jobs.ashbyhq.com/landis,URL_Guess
arketa,SaaS,https://arketal.com,https://jobs.ashbyhq.com/arketa,URL_Guess
Viome,Healthcare,https://viome.com,https://jobs.lever.co/viome,URL_Guess
AMP Robotics,Artificial Intelligence,,https://jobs.ashbyhq.com/amprobotics,URL_Guess
Alloy,SaaS,https://alloy.com,https://jobs.lever.co/alloy,URL_Guess
Atlys,Travel,https://atlys.com,,
Knoetic,Human Resources,https://knoetic.com,https://jobs.ashbyhq.com/knoetic,URL_Guess
dashbot.io,Analytics,https://dashbot.io,,
Carbyne,Software,https://carbyne.com,https://jobs.ashbyhq.com/carbyne,URL_Guess
HighTouch.io,Marketing,https://support.iterable.com/hc/en-us/articles/360057774591-Hightouch-Iterable-Integration,,
Together,Artificial Intelligence,https://togethercu.org,https://www.togethercu.org/join-us/careers,Custom_careers_Page
SpinLaunch,Space,https://spinlaunch.com,https://www.spinlaunch.com/careers,Custom_careers_Page
Sprig,Analytics,https://sprig.com,https://jobs.ashbyhq.com/sprig,URL_Guess
GlossGenius,SaaS,https://glossgenius.com,https://boards.greenhouse.io/glossgenius,Site_careers
Retool,SaaS,https://retool.com,https://jobs.ashbyhq.com/retool,URL_Guess
MarqVision,E-Commerce,https://marqvision.com,https://jobs.lever.co/marqvision,URL_Guess
Mojo Vision,Consumer Electronics,https://mojo.vision,https://www.mojo.vision/careers,Custom_careers_Page
Tecton.AI,Artificial Intelligence,https://tecton.ai,https://jobs.ashbyhq.com/tectonai,URL_Guess
Fathom,Artificial Intelligence,https://fathomevents.com,https://jobs.ashbyhq.com/fathom,URL_Guess
Pave,Human Resources,https://pave.com,https://jobs.ashbyhq.com/pave,URL_Guess
Paragon,Web Development,https://paragonperf.com,https://jobs.ashbyhq.com/paragon,URL_Guess
Middesk,SaaS,https://middesk.com,https://jobs.ashbyhq.com/middesk,URL_Guess
Kumo,SaaS,https://kumon.com,https://kumon.com/employment,Custom_employment_Page
Cambly,EdTech,https://cambly.com,https://jobs.ashbyhq.com/cambly,URL_Guess
WiredScore,Real Estate,https://wiredscore.com,,
Vivun,Sales and Marketing,https://vivun.com,https://jobs.ashbyhq.com/vivun,URL_Guess
Coast,FinTech,https://coasttocoastam.com,,
Apex,Space,https://apexminecrafthosting.com,https://apexminecrafthosting.com/jobs,Custom_jobs_Page
Fireworks AI,Artificial Intelligence,https://fireworks.ai,https://job-boards.greenhouse.io/fireworksai,Site_Homepage
Patch,Sustainability,https://patch.com,,
Tomorrow Health,Healthcare,https://tomorrowhealth.com,https://boards.greenhouse.io/tomorrowhealth,Site_careers
Ori,Robotics,https://orientaltrading.com,,
Doppler,Developer Tools,https://doppler.com,https://jobs.ashbyhq.com/doppler,URL_Guess
Clay,Artificial Intelligence,https://clayton.k12.ga.us,,
Truework,Human Resources,https://truework.com,https://www.truework.com/careers,Custom_careers_Page
Turquoise Health,Healthcare,https://turquoise.health,https://jobs.ashbyhq.com/turquoise-health,URL_Guess
Metawave,Wireless,https://metawave.com,,
Primer,EdTech,https://sayprimer.com,https://jobs.ashbyhq.com/primer,URL_Guess
Fountain,Recruiting,https://fountain.com,,
Lilt,Artificial Intelligence,https://lilt.com,https://jobs.ashbyhq.com/lilt-corporate,Site_careers
Mutiny,SaaS,https://mutinyhq.com,https://job-boards.greenhouse.io/mutiny,Site_careers
Mad Street Den,Artificial Intelligence,https://madstreetden.com,https://madstreetden.com/careers/,Custom_careers_Page
Playbook,Collaboration,https://helloplaybook.com,https://jobs.lever.co/playbook,URL_Guess
Built Robotics,Robotics,https://builtrobotics.com,https://jobs.ashbyhq.com/built-robotics,URL_Guess
Synchron,Biotech,https://synchrony.com,,
Unit,FinTech,https://united.com,https://jobs.ashbyhq.com/unit,URL_Guess
Mirvie,Biotech,https://mirvie.com,https://www.mirvie.com/careers,Custom_careers_Page
Hermeus,Space,https://hermeus.com,https://jobs.lever.co/hermeus,URL_Guess
Webflow,Web Development,https://webflow.com,https://job-boards.greenhouse.io/webflow,Site_careers
Deepcell,Biotech,https://deepcell.com,https://deepcell.com/careers,Custom_careers_Page
Incredible Health,Recruiting,https://incrediblehealth.com,https://www.incrediblehealth.com/careers/,Custom_careers_Page
SmithRx,Healthcare,https://smithrx.com,https://smithrx.com/careers,Custom_careers_Page
Caldera,Crypto,https://caldera.com,https://www.caldera.com/about/careers/,Custom_careers_Page
CAMP4 Therapeutics,Biotech,https://camp4tx.com,https://camp4tx.com/careers,Custom_careers_Page
AnyRoad,SaaS,https://anyroad.com,https://jobs.lever.co/anyroad,URL_Guess
Instabug,Enterprise Software,https://instabug.com,https://www.luciq.ai/careers,Custom_careers_Page
WorkWhile,Recruiting,https://workwhilejobs.com,https://jobs.ashbyhq.com/workwhilejobs,URL_Guess
Ellevest,FinTech,https://ellevest.com,,
Jeeves,FinTech,https://tryjeeves.com,https://jobs.lever.co/tryjeeves,URL_Guess
Workstream,SaaS,https://workstream.us,https://www.workstream.us:443/careers,Custom_careers_Page
Secureframe,Cybersecurity,https://secureframe.com,https://jobs.lever.co/secureframe,URL_Guess
Homebound,Construction,https://homebound.com,https://jobs.ashbyhq.com/homebound,URL_Guess
Isovalent,SaaS,https://isovalent.com,https://isovalent.com/careers/,Custom_careers_Page
Promise,FinTech,https://promisegulf.com,https://jobs.ashbyhq.com/promise,URL_Guess
Phantom,Crypto,https://phantom.app,https://jobs.ashbyhq.com/phantom,URL_Guess
Flock Homes,Real Estate,https://flockhomes.com,https://job-boards.greenhouse.io/flockhomes,Site_careers
Compound Financial,FinTech,,https://jobs.ashbyhq.com/compound,URL_Guess
Disco,E-Commerce,https://discord.com,https://discord.com/careers,Custom_careers_Page
CoinTracker,FinTech,https://cointracker.io,https://jobs.ashbyhq.com/cointracker,URL_Guess
PopSQL,Collaboration,https://popsql.com,,
Wander,Travel,https://wanderu.com,https://jobs.ashbyhq.com/wander,URL_Guess
Vesta,SaaS,https://vesta-sleep.com,https://jobs.ashbyhq.com/vesta,URL_Guess
Courier,SaaS,https://courier-journal.com,,
Skiff,Collaboration,https://skiff.com,,
Culdesac,Sustainability,https://culdesac.com,https://jobs.lever.co/culdesac,URL_Guess
Alkira,Cybersecurity,https://alkira.com,https://www.alkira.com/careers/,Custom_careers_Page
Subject,EdTech,https://subject.com,,
Supermove,SaaS,https://supermovercenter.com,https://jobs.lever.co/supermove,URL_Guess
BillionToOne,Biotech,https://billiontoone.com,https://www.billiontoone.com/careers,Custom_careers_Page
Octant Bio,Biotech,https://octant.bio,https://www.octant.bio/careers,Custom_careers_Page
Envoy,SaaS,https://envoy.com,https://jobs.ashbyhq.com/envoy,URL_Guess
OpenSea,E-Commerce,https://opensea.io,https://jobs.ashbyhq.com/opensea,URL_Guess
Fabric,E-Commerce,https://fabricwholesaledirect.com,,
Pyka,Hardware,https://pyka.fr,https://jobs.lever.co/pyka,URL_Guess
One More Game,Gaming,https://onemoregame.com,https://www.onemoregame.com/careers,Custom_careers_Page
CaptivateIQ,Sales,https://captivateiq.com,https://jobs.lever.co/captivateiq,URL_Guess
Autograph,Crypto,https://autograph.io,https://autograph.io/careers,Custom_careers_Page
Wonderschool,EdTech,https://wonderschool.com,https://boards.greenhouse.io/wonderschool,Site_careers
SkySafe,Cybersecurity,https://skysafe.io,https://jobs.lever.co/skysafe,URL_Guess
Tackle,Marketplaces,https://tacklewarehouse.com,https://jobs.lever.co/tackle,URL_Guess
Mixhalo,Music,https://mixhalo.com,https://boards.greenhouse.io/mixhalo,Site_jobs
Propel,FinTech,https://propellerads.com,,
Merit,GovTech,https://meritpages.com,,
Papaya,FinTech,https://papayapay.com,https://boards.greenhouse.io/papaya,Site_careers
Ostro,Healthcare,https://ostrovok.ru,,
Anyscale,Developer Platform,https://anyscale.com,https://jobs.lever.co/anyscale,URL_Guess
Smartcar,Transportation,https://smartcar.com,https://smartcar.com/careers,Custom_careers_Page
CloudTrucks,Transportation,https://cloudtrucks.com,https://jobs.ashbyhq.com/cloudtrucks,URL_Guess
Alchemy,Crypto,https://alchemy.com,https://www.alchemy.com/careers,Custom_careers_Page
Scratchpad,SaaS,https://scratchpad.com,https://www.scratchpad.com/careers,Custom_careers_Page
Torq,Cybersecurity,https://torq.io,,
Conduktor,SaaS,https://conduktor.io,https://jobs.lever.co/conduktor,URL_Guess
Stytch,Developer APIs,https://stytch.com,https://jobs.ashbyhq.com/stytch,URL_Guess
Miro,SaaS,https://miro.com,https://miro.com/careers/,Custom_careers_Page
Imagine Impact,Marketplace,https://imagine-impactbonds.com,,
Lessen,Real Estate,https://lessen.com,https://jobs.lever.co/lessen,URL_Guess
Apollo.io,Lead Generation,https://apollo.io,https://www.apollo.io/careers,Custom_careers_Page
Searchlight,SaaS,https://searchlight.ai,,
Stoke Space,Space,https://stokespace.com,,
PlanetScale,Enterprise Software,https://planetscale.com,https://job-boards.greenhouse.io/planetscale,Site_careers
Deed,SaaS,https://deeds.com,,
Wrapbook,FinTech,https://wrapbook.com,https://jobs.ashbyhq.com/wrapbook,URL_Guess
VergeSense,SaaS,https://vergesense.com,https://jobs.lever.co/vergesense,URL_Guess
ClickUp,SaaS,https://clickup.com,https://jobs.ashbyhq.com/clickup,URL_Guess
Commonwealth Fusion,Sustainability,https://cfs.energy,https://jobs.lever.co/cfsenergy,Site_Homepage
Lightship,Healthcare,https://lightship.dev,https://jobs.lever.co/lightship,URL_Guess
Luxury Presence,Sales and Marketing,https://luxurypresence.com,https://jobs.lever.co/luxurypresence,URL_Guess
CyCognito,Cybersecurity,https://cycognito.com,,
Iron Fish,Crypto,https://ironfish.network,,
Orderful,Enterprise Software,https://orderful.com,https://jobs.ashbyhq.com/orderful,URL_Guess
Clockwise,SaaS,https://getclockwise.com,https://www.getclockwise.com/careers,Custom_careers_Page
Wonder Dynamics,Artificial Inteligence,https://wonderdynamics.com,,
Osaro,Artificial Intelligence,https://osaro.com,https://jobs.lever.co/osaro,URL_Guess
Solugen,Biotech,https://solugen.com,https://solugen.breezy.hr,Site_Homepage
Ribbon Health,Healthcare,https://ribbonhealth.com,,
Superhuman,SaaS,https://superhuman.com,https://jobs.ashbyhq.com/superhuman,URL_Guess
Whimsical,SaaS,https://whimsical.com,https://whimsical.com/company/careers,Custom_careers_Page
Netography,Cybersecurity,https://netography.com,,
WorkRamp,EdTech,https://workramp.com,https://jobs.lever.co/workramp,URL_Guess
UnitedMasters,Media,https://unitedmasters.com,https://unitedmasters.com/a/jobs,Custom_jobs_Page
Cellino,Biotech,https://cellinobio.com,,
Tesorio,FinTech,https://tesorio.com,https://jobs.lever.co/tesorio,URL_Guess
Notion,SaaS,https://notion.so,https://jobs.ashbyhq.com/notion,URL_Guess
Mos,FinTech,https://mos.ru,,
Fountain Therapeutics,Biotech,,,
eGenesis,Biotech,https://egenesisbio.com,https://jobs.lever.co/egenesisbio,URL_Guess
Census,Analytics,https://getcensus.com,https://www.fivetran.com/careers,Custom_careers_Page
Drip Capital,FinTech,https://dripcapital.com,https://www.dripcapital.com/careers,Custom_careers_Page
Virtru,SaaS,https://virtru.com,https://www.virtru.com/careers,Custom_careers_Page
Nimble Pharmacy,Healthcare,,,
Neural Magic,Machine Learning,https://neuralmagic.com,https://www.redhat.com/en/artificial-intelligence,Custom_careers_Page
Atmos,Construction,https://atmosenergy.com,https://www.atmosenergy.com/careers/,Custom_careers_Page
Matik,SaaS,https://matik.io,,
All Day Kitchens,Food & Drinks,https://alldaykitchens.com,,
GenEdit,Biotech,https://genedit.com,https://jobs.lever.co/genedit,URL_Guess
Facilio,Enterprise Software,https://facilio.com,https://facilio.com/careers/,Custom_careers_Page
Elemeno Health,Healthcare,https://elemenohealth.com,https://www.elemenohealth.com/careers,Custom_careers_Page
Loyal,Biotech,https://loyalfans.com,,
Royal,Music,https://royalcaribbean.com,,
Stardust,Gaming,https://stardust.gg,,
Mythical Games,Gaming,https://mythicalgames.com,https://mythicalgames.com/careers,Custom_careers_Page
Elodie Games,Gaming,https://elodie.games,,
KERV Interactive,Marketing,https://kervidi.com,,
Monad,Cybersecurity,https://monadnockford.com,,
Misfits Market,E-Commerce,https://misfitsmarket.com,https://job-boards.greenhouse.io/misfitsmarket,Site_careers
ROME Therapeutics,Biotech,https://rometx.com,,
Tabular Technologies,Enterprise Software,,,
Rapid Robotics,Robotics,https://rapidrobotics.com,,
Titan,FinTech,https://titan.co.in,https://jobs.ashbyhq.com/titan,URL_Guess
Orum,FinTech,https://orum.com,https://jobs.lever.co/orum,URL_Guess
Calibrate,Healthcare,https://joincalibrate.com,https://boards.greenhouse.io/calibratecareers,Site_Homepage
Doxel,Construction,https://doxel.ai,https://jobs.lever.co/doxel,URL_Guess
HyperTrack,SaaS,https://hypertrack.com,https://hypertrack.com/jobs,Custom_jobs_Page
Aalto,Real Estate,https://aalto.com,,
May Mobility,Transportation,https://maymobility.com,https://boards.greenhouse.io/maymobility,Site_careers
unitQ,Analytics,https://unitq.com,https://jobs.lever.co/unitq,URL_Guess
Robocorp,SaaS,https://robocorp.com,,
Faraway,Crypto,https://farawaylucy.com,,
Passport,Shipping,https://passports.gov.au,https://jobs.ashbyhq.com/passport,URL_Guess
Zenysis,Software,https://zenysis.com,https://www.zenysis.com/careers/,Custom_careers_Page
Modern Animal,SaaS,https://modernanimal.com,https://jobs.lever.co/modernanimal,URL_Guess
Origin,FinTech,https://exploreorigin.com,,
Gem,Recruiting,https://gemini.com,https://www.gemini.com/careers,Custom_careers_Page
SentiLink,Cybersecurity,https://sentilink.com,https://jobs.ashbyhq.com/sentilink,URL_Guess
Mio,Collaboration,https://miomio.guru,,
Moveworks,Cloud Computing,https://moveworks.com,https://www.moveworks.com/us/en/company/careers,Custom_careers_Page
Hipcamp,Marketplace,https://hipcamp.com,https://www.hipcamp.com/en-US/about#careers,Custom_careers_Page
Jetty,FinTech,https://jetty.com,,
Multiply Labs,Healthcare,https://multiplylabs.com,https://jobs.ashbyhq.com/multiply,URL_Guess
PicsArt,Media,https://picsart.com,https://picsart.com/careers/,Custom_careers_Page
Neuralink,Healthcare,https://neuralink.com,https://neuralink.com/careers/,Custom_careers_Page
Catch&Release,Artificial Intelligence,https://catchandrelease.com,https://www.catchandrelease.com/m/careers,Custom_careers_Page
Dover,Human Resources,https://doversaddlery.com,https://www.doversaddlery.com/pages/employment-opportunities,Custom_employment_Page
Zomentum,SaaS,https://zomentum.com,https://www.zomentum.com/careers,Custom_careers_Page
MakersPlace,Consumer,https://makersplace.com,,
Quince,E-Commerce,https://quinceanera-boutique.com,,
Thrive Global,Social,https://thriveglobal.com,https://thriveglobal.com/careers,Custom_careers_Page
Slintel,Business Intelligence,https://tracxn.com/d/companies/slintel/__EWRyn3M3Tlbh_X1pUT7REkvVw-zFTR_EkU44jUZ15RM,,
SplashLearn,EdTech,https://splashlearn.com,https://www.splashlearn.com/careers,Custom_careers_Page
Tovala,Food & Drinks,https://tovala.com,https://jobs.lever.co/tovala,URL_Guess
Arevo,Manufacturing,https://arevoltapc.com,,
Memfault,Electronics,https://memfault.com,https://jobs.lever.co/memfault,URL_Guess
Interos,Enterprise Software,https://interos.ai,,
CareStack,Cloud Computing,https://carestack.com,,
Popshop Live,Consumer,https://popshop.live,https://popshop.live/careers,Custom_careers_Page
Prodigal,FinTech,https://prodigaltech.com,,
Blameless,Developer Platforms,https://blameless.com,,
Phiar Technologies,Autonomous Vehicles,,,
H1,Healthcare,https://hulu.com,https://jobs.lever.co/h1,URL_Guess
Outschool,EdTech,https://outschool.com,https://job-boards.greenhouse.io/outschool,Site_careers
SendBird,Messaging,https://sendbird.com,https://sendbird.com/careers,Custom_careers_Page
Lob,Developer APIs,https://lob.com,https://www.lob.com/careers,Custom_careers_Page
Flowspace,Logistics,https://flow.space,,
Plate IQ,Marketing,https://ottimate.com/plate-iq/,,
Ophelia,Healthcare,https://ophelia.com,https://job-boards.greenhouse.io/ophelia,Site_Homepage
Treasury Prime,FinTech,https://treasuryprime.com,https://job-boards.greenhouse.io/treasuryprime,Site_careers
Landed,Recruiting,https://landed.com,,
LegionFarm,Coaching,https://legionfarm.com,,
Shogun,Web Development,https://getshogun.com,https://getshogun.com/careers,Custom_careers_Page
Connie Health,Healthcare,https://conniehealth.com,,
"Bot, M.D.",Artificial Intelligence,https://botmd.io,https://www.botmd.io/careers,Custom_careers_Page
ZenBusiness,SaaS,https://zenbusiness.com,https://job-boards.greenhouse.io/zenbusiness,Site_careers
Nuvocargo,Logistics,https://nuvocargo.com,,
Solv Health,Healthcare,https://solvhealth.com,https://www.solvhealth.com/careers,Custom_careers_Page
FightCamp,Healthcare,https://joinfightcamp.com,https://joinfightcamp.com/careers/,Custom_careers_Page
Curtsy,E-Commerce,https://curtsyapp.com,,
Centaur Labs,Healthcare,https://centaurlabs.com,https://centaur.ai/careers,Custom_careers_Page
SafetyWing,Freelancers,https://safetywing.com,https://safetywing.com/join-us,Custom_join-us_Page
Literati,Media,https://literati.com,https://jobs.ashbyhq.com/literati,URL_Guess
Coco,Robotics,https://coconala.com,,
Wild Earth,E-Commerce,https://wildearth.com,https://wild-earth.breezy.hr,Site_Homepage
Standard AI,Artificial Intelligence,https://standard.ai,,
Centivo,Healthcare,https://centivo.com,https://jobs.ashbyhq.com/centivo,URL_Guess
Teckro,Biotech,https://teckro.com,https://teckro.com/work-with-us,Custom_work-with-us_Page
Contraline,Biotech,https://contraline.com,https://www.contraline.com/careers,Custom_careers_Page
Sundae,Marketplaces,https://sundae.com,,
Florence Healthcare,Healthcare,,https://jobs.lever.co/florence,URL_Guess
Prefect,Data Science,https://prefect.io,https://jobs.ashbyhq.com/prefect,URL_Guess
Brightwheel,SaaS,https://mybrightwheel.com,https://jobs.lever.co/brightwheel,URL_Guess
Coiled,Data Science,https://coiled.io,https://jobs.lever.co/coiled,Site_careers
Turing,Recruiting,https://turing.com,https://turing.com/careers,Custom_careers_Page
Verato,SaaS,https://verato.com,,
Voiceops,SaaS,https://voiceops.com,https://www.voiceops.com/careers,Custom_careers_Page
Forage,EdTech,https://theforage.com,https://www.theforage.com/jobs,Custom_jobs_Page
MaintainX,Software,https://getmaintainx.com,https://job-boards.greenhouse.io/maintainx,Site_careers
Shopmonkey,SaaS,https://shopmonkey.io,https://www.shopmonkey.io/careers,Custom_careers_Page
Kinsa,Healthcare,https://kinsahealth.com,https://jobs.lever.co/kinsa,Site_Homepage
Albert,FinTech,https://albertsons.com,https://www.albertsons.com/careers,Custom_careers_Page
Modern Treasury,FinTech,https://moderntreasury.com,https://jobs.ashbyhq.com/moderntreasury,URL_Guess
Audius,Crypto,https://audius.co,,
Tulip Retail,Enterprise Software,,,
Juno,Real Estate,https://juno.finance,,
Snackpass,Restaurants,https://snackpass.co,https://jobs.ashbyhq.com/snackpass,URL_Guess
Medium,Consumer,https://medium.com,https://job-boards.greenhouse.io/medium,Site_careers
Ganaz,Agriculture,https://ganaz.com,https://www.ganaz.com/careers,Custom_careers_Page
Overtime,Media,https://overtime.tv,,
Alluxio,Software,https://alluxio.io,https://jobs.lever.co/alluxio,URL_Guess
insitro,Biotech,https://insitro.com,https://jobs.ashbyhq.com/insitro,URL_Guess
Fold App,FinTech,https://foldapp.com,,
Carrot Fertility,Healthcare,https://get-carrot.com,https://www.get-carrot.com/company/careers,Custom_careers_Page
Comma.ai,Autonomous Vehicles,https://comma.ai,https://comma.ai/jobs,Custom_jobs_Page
Substack,Media,https://substack.com,https://jobs.ashbyhq.com/substack,URL_Guess
AKASA,Healthcare,https://akasa.lk,https://jobs.ashbyhq.com/akasa,URL_Guess
onX,Navigation,https://onxmaps.com,https://www.onxmaps.com/careers,Custom_careers_Page
ChartHop,Human Resources,https://charthop.com,https://jobs.ashbyhq.com/charthop,URL_Guess
Thesis,Crypto,https://takethesis.com,https://jobs.ashbyhq.com/thesis,URL_Guess
Manticore Games,Gaming,https://manticoregames.com,https://www.manticoregames.com/careers/,Custom_careers_Page
Cape Analytics,Artificial Intelligence,https://capeanalytics.com,https://jobs.ashbyhq.com/cape,URL_Guess
Eco,FinTech,https://ecobee.com,,
Kiddom,EdTech,https://kiddomino.com,https://jobs.lever.co/kiddom,URL_Guess
Homebase,Human Resources,https://joinhomebase.com,https://jobs.ashbyhq.com/homebase,URL_Guess
Divvy Homes,Real Estate,https://divvyhomes.com,https://boards.greenhouse.io/divvyhomes,Site_careers
Catch,FinTech,https://catch.com.au,https://jobs.ashbyhq.com/catch,URL_Guess
Zoomin,Software,https://zoomin.com,https://www.zoomin.com/careers,Custom_careers_Page
Workboard,Enterprise Software,https://workboard.com,https://www.workboard.com/careers,Custom_careers_Page
Yellow Card,Crypto,https://yellowcard.io,,
Tempo,Healthcare,https://tempo.co,https://jobs.ashbyhq.com/tempo,URL_Guess
Bungalow,Consumer,https://bungalow.com,https://bungalow.com/careers,Custom_careers_Page
Eight Sleep,Hardware,https://eightsleep.com,https://jobs.ashbyhq.com/eightsleep,URL_Guess
Jerry,Auto Insurance,https://jerrysartarama.com,,
FlyHomes,Real Estate,https://flyhomes.com,,
Level,FinTech,https://levels.fyi,https://jobs.ashbyhq.com/level,URL_Guess
Cameo,Video,https://cameo.com,,
Solana,Crypto,https://solana.com,https://jobs.solana.com/jobs,Custom_careers_Page
Abacus.AI,Artificial Intelligence,https://abacus.ai,https://abacus.ai/jobs,Custom_jobs_Page
Helix,Healthcare,https://helix.ru,,
BetterWorks,Enterprise Software,https://betterworks.com,https://www.betterworks.com/careers,Custom_careers_Page
preset.io,Analytics,https://preset.io,https://preset.io/careers/,Custom_careers_Page
StrongDM,Cybersecurity,https://strongdm.com,https://jobs.ashbyhq.com/strongdm,URL_Guess
Singularity 6,Gaming,https://singularity6.com,https://singularity6.com/careers,Custom_careers_Page
ActionIQ,Enterprise Software,https://actioniq.com,,
Descript,Audio Editor,https://descript.com,https://www.descript.com/careers,Custom_careers_Page
Dyno Therapeutics,Healthcare,https://dynotx.com,https://www.dynotx.com/careers,Custom_careers_Page
Mighty Buildings,Hardware,https://mightybuildings.com,,
Puls,SaaS,https://puls.com,https://puls.com/careers,Custom_careers_Page
Loom,Collaboration,https://loom.com,https://jobs.ashbyhq.com/loom,URL_Guess
Docbot,Healthcare,https://docbot.com,https://docbot.com/careers,Custom_careers_Page
Crosschq,Artificial Intelligence,https://crosschq.com,https://www.crosschq.com/careers,Custom_careers_Page
Silk,SaaS,https://silk.co,,
lexion.ai,Artificial Intelligence,https://lexion.ai,,
Bitwise Asset Management,Crypto,https://bitwiseinvestments.com/models/bitwise-crypto-asset-portfolio,,
Physna,Artificial Intelligence,https://physna.com,https://www.physna.com/careers,Custom_careers_Page
Pilot.com,FinTech,https://pilot.com,,
Syndio,Analytics,https://synd.io,https://synd.io/careers/,Custom_careers_Page
Skydrop,Robotics,https://getskydrop.com,https://getskydrop.com/careers,Custom_careers_Page
Nobell Foods,Manufacturing,https://nobellfoods.com,,
Releasehub,Developer Tools,https://github.com/releasehub-com/release,,
The Org,Communities,https://theorg.com,,
LocoNav,SaaS,https://loconav.com,https://loconav.com/careers,Custom_careers_Page
REVL,Artificial Intelligence,https://revlocal.com,,
Nova Credit,FinTech,https://novacredit.com,https://boards.greenhouse.io/novacredit,Site_careers
Bigeye,Analytics,https://bigeye.com,https://www.bigeye.com/careers,Custom_careers_Page
Chief,Consumer Social,https://chief.com,https://jobs.ashbyhq.com/chief,URL_Guess
Gatsby Trading,FinTech,,,
Pendulum Therapeutics,Biotech,https://pendulumlife.com,https://jobs.lever.co/pendulum,URL_Guess
FidoCure,Healthcare,https://fidocure.com,,
AttackIQ,Cybersecurity,https://attackiq.com,https://www.attackiq.com/who-we-are/careers/,Custom_careers_Page
Cofactor Genomics,Biotech,https://cofactorgenomics.com,https://cofactorgenomics.com/careers/,Custom_careers_Page
mmhmm,SaaS,https://mmhmm.app,https://www.airtime.com/jobs,Custom_jobs_Page
M0balytics,Analytics,,,
BloomTech (fka Lambda School),EdTech,https://www.bloomtech.com/article/applying-to-bloomtech-how-to-choose-the-right-tuition-option-for-you,,
Observe.AI,Artificial Intelligence,https://observe.ai,https://observe.ai/careers,Custom_careers_Page
Nabis,Marketplace,https://nabis.com,https://job-boards.greenhouse.io/nabis,Site_careers
ADVANO,Hardware,https://advanotech.com,,
Coder,Enterprise Software,https://coderpad.io,https://jobs.lever.co/coderpad,URL_Guess
Universe,Web Development,https://universe.com,https://www.universe.com/careers,Custom_careers_Page
Bunch,Consumer Social,https://bunch.capital,https://jobs.ashbyhq.com/bunch,URL_Guess
Function of Beauty,E-Commerce,https://functionofbeauty.com,,
Peptilogics,Biotech,https://peptilogics.com,https://boards.greenhouse.io/peptilogics,Site_careers
Armory,Enterprise Software,https://armoryonpark.org,https://jobs.ashbyhq.com/armory,URL_Guess
lucy.co,E-Commerce,https://lucy.co,,
Meru Health,Mental Healthcare,https://meruhealth.com,https://www.meruhealth.com/careers,Custom_careers_Page
Datree,Developer Tools,https://datree.io,https://www.datree.io/careers,Custom_careers_Page
UpKeep,Enterprise Software,https://upkeep.com,https://upkeep.com/careers/,Custom_careers_Page
Fairwords,Compliance,https://fairwords.com,,
Brainbase,Software,https://brainbase.com,,
Raptor Maps,Hardware,https://raptormaps.com,https://raptormaps.com/about/careers,Custom_careers_Page
Raise (formerly HelloOffice),Commercial Real Estate,,,
Petcube,Hardware,https://petcube.com,https://petcube.com/careers/,Custom_careers_Page
Motherly,Communities,https://mother.ly,,
goTenna,Electronics,https://gotenna.com,https://gotenna.com/pages/jobs,Custom_careers_Page
Okera,Data Science,https://okera.com,,
Pachyderm,Enterprise Software,https://pachyderm.com,,
Raise.com,Marketplace,https://raise.com,,
AI Foundation,Artificial Intelligence,https://aifoundation.com,https://www.aifoundation.com/careers/,Custom_careers_Page
Boom Supersonic,Space,https://boomsupersonic.com,https://boomsupersonic.com/careers,Custom_careers_Page
Zinier,SaaS,https://zinier.com,https://www.zinier.com/careers,Custom_careers_Page
UJET,Customer Service,https://ujet.cx,https://job-boards.greenhouse.io/ujet,Site_careers
Pelago,Healthcare,https://pelago.co,,
Narrator,Data Science,https://nr8r.com,,
BULLETIN,E-Commerce,https://bulletin.co,https://bulletin.co/careers,Custom_careers_Page
Netdata,Enterprise Software,https://netdata.cloud,https://www.netdata.cloud/join-us/,Custom_join-us_Page
StreamSets,Enterprise Software,https://streamsets.com,,
Sleeper,Sports,https://sleeper.com,https://jobs.ashbyhq.com/sleeper,URL_Guess
Streamloots,Video Streaming,https://streamloots.com,https://www.streamloots.com/careers,Custom_careers_Page
Feather,E-Commerce,https://livefeather.com,,
Cypress.io,Developer Tools,https://cypress.io,https://boards.greenhouse.io/cypressio,Site_careers
Rigetti Computing,Hardware,https://rigetti.com,https://jobs.lever.co/rigetti,URL_Guess
Journera,Travel,https://journera.com,,
Very Good Security,FinTech,https://verygoodsecurity.com,https://jobs.lever.co/verygoodsecurity,URL_Guess
Elemental Machines,Biotech,https://elementalmachines.com,https://elementalmachines.com/about/careers/,Custom_careers_Page
Element Analytics,Data Science,https://elementanalytics.com,,
Allset,Marketplace,https://allsetnow.com,,
Drishti,Analytics,https://drishti.com,,
Modal,Automotive,https://modalyst.co,https://jobs.ashbyhq.com/modal,URL_Guess
CodeCombat,Software,https://codecombat.com,https://codecombat.com/careers,Custom_careers_Page
Q.bio,Biotech,https://q.bio,https://jobs.lever.co/qbio,URL_Guess
HeartVista,Healthcare,,,
Karius,Biotech,https://kariusdx.com,https://jobs.lever.co/kariusdx,URL_Guess
Trusona,SaaS,https://trusona.com,https://www.trusona.com/about-us-old/careers,Custom_careers_Page
Run The World,Events,https://runtheworld.today,https://runtheworld.today/careers,Custom_careers_Page
Yoshi,Transportation,https://yoshinoya.com,,
Atomwise,Artificial Intelligence,https://atomwise.com,,
GetAccept,Sales and Marketing,https://getaccept.com,,
LeafLink,Marketplace,https://leaflink.com,https://www.leaflink.com/careers,Custom_careers_Page
Pixie,Artificial Intelligence,https://pixieset.com,https://pixieset.com/careers/,Custom_careers_Page
Kernel,Biotech,https://kernel.com,https://jobs.ashbyhq.com/kernel,URL_Guess
Eden,SaaS,https://edenbrothers.com,,
SirionLabs,Enterprise Software,,,
Iris Automation,Hardware,https://irisonboard.com,https://boards.greenhouse.io/irisautomation,Site_careers
Siren Health,Healthcare,,,
Finix,FinTech,https://finix.com,https://jobs.lever.co/finix,URL_Guess
Silo,Agriculture,https://silodrome.com,,
Clear Labs,Biotech,https://clearlabs.com,https://clear-labs.workable.com,Site_careers
Ripcord,Robotics,https://ripcord.com,https://www.ripcord.com/careers,Custom_careers_Page
Linear,Developer Tools,https://linear.app,https://jobs.ashbyhq.com/linear,URL_Guess
Akash Systems,Space,https://akashsystems.com,,
Statespace,Sports,https://statespace.no,,
Fernish,SaaS,https://fernish.com,https://fernish.com/careers,Custom_careers_Page
Lula,FinTech,https://lula.is,,
Pony.ai,Robotics,https://pony.ai,https://apply.workable.com/pony-dot-ai,Site_careers
Tara Intelligence,Enterprise Software,,,
Restaurant365,SaaS,https://restaurant365.com,https://jobs.lever.co/restaurant365,URL_Guess
CleverTap,Enterprise Software,https://clevertap.com,https://clevertap.com/careers/,Custom_careers_Page
Veem,FinTech,https://veem.com,https://www.veem.com/careers/,Custom_careers_Page
Terminal,Recruiting,https://terminallance.com,https://jobs.ashbyhq.com/terminal,URL_Guess
Kapwing,Social Media,https://kapwing.com,https://jobs.lever.co/kapwing,URL_Guess
ManyChat,Messaging,https://manychat.com,https://job-boards.greenhouse.io/manychat-featured,Site_careers
Blue Hexagon,Cybersecurity,https://bluehexagons.com,https://jobs.lever.co/blue,URL_Guess
RITUAL,Wellness,https://ritual.com,https://start.ritual.com/careers,Custom_careers_Page
MedCrypt,Cybersecurity,https://medcrypt.com,,
Uhnder,Autonomous Vehicles,https://uhnder.com,,
Castle,Cybersecurity,https://castlebranch.com,https://jobs.ashbyhq.com/castle,URL_Guess
Curai Health,Healthcare,https://curaihealth.com,https://curaihealth.com/careers,Custom_careers_Page
Tachyus,Enterprise Software,https://tachyus.com,https://www.tachyus.com/jobs,Custom_jobs_Page
Vivace Therapeutics,Biotech,https://vivacetherapeutics.com,,
Confident Cannabis,SaaS,https://confidentcannabis.com,,
Dolls Kill,E-Commerce,https://dollskill.com,https://jobs.lever.co/dollskill,URL_Guess
Empower,FinTech,https://empower.com,https://jobs.empower.com/,Custom_careers_Page
Reputation.com,Enterprise Software,https://reputation.com,,
FabFitFun,E-Commerce,https://fabfitfun.com,https://paycomonline.net:443/v4/ats/web.php/portal/2B51096BE2064B525FEA136AF9942603/career-page,Custom_careers_Page
Rockset,Analytics,https://rockset.com,,
Summersalt,E-Commerce,https://summersalt.com,,
Next Trucking,Truckers,https://nexttrucking.com,https://boards.greenhouse.io/nexttrucking,Site_Homepage
Biofourmis,Healthcare,https://biofourmis.com,,
Plum,Food & Drinks,https://plumbenefits.com,https://www.plumbenefits.com/jobs,Custom_jobs_Page
Scentbird Perfumes,SaaS,,,
Ara,Sales and Marketing,https://aramex.com,,
ScyllaDB,Enterprise Software,https://scylladb.com,,
Narvar,E-Commerce,https://narvar.com,https://corp.narvar.com/careers/all,Custom_careers_Page
Naked Labs,Healthcare,https://nakedlabs.com,,
RideCell,Autonomous Vehicles,https://ridecell.com,https://ridecell.com/about/careers/,Custom_careers_Page
Earnin,Employee Benefits,https://earnin.com,https://job-boards.greenhouse.io/earnin,Site_careers
Wallarm,Cybersecurity,https://wallarm.com,,
Neurotrack,Healthcare,https://neurotrack.com,https://neurotrack.com/careers,Custom_careers_Page
CB4 Analytics,Analytics,https://cbanalytics.com.au,,
Opal Labs,Enterprise Software,https://opal-labs.com,https://jobs.ashbyhq.com/opal,URL_Guess
Estimote,Safety,https://estimote.com,https://estimote.com/careers,Custom_careers_Page
indeni,Enterprise Software,https://indenicsa.com,https://indenicsa.com/careers,Custom_careers_Page
Atomist,Web Development,https://atomist.com,,
Nuna,Healthcare,https://nunababy.com,https://jobs.ashbyhq.com/nuna,URL_Guess
Hubble Contacts,E-Commerce,,,
Oasis Labs,Crypto,https://oasislabs.com,,
YapStone,FinTech,https://yapstone.com,https://www.yapstone.com/careers,Custom_careers_Page
Adentro (formerly Zenreach),Marketing Automation,,,
Bastille,Cybersecurity,https://bastille.net,,
HOOKED,Consumer,https://hookedonphonics.com,,
UNTUCKit,Fashion,https://untuckit.com,https://apply.workable.com/untuckit,Site_Homepage
SFOX,FinTech,https://sfox.com,https://www.sfox.com/jobs/,Custom_careers_Page
Amino,Healthcare,https://amino.com,,
Jopwell,Recruiting,https://jopwell.com,,
YourMechanic,Marketplace,https://yourmechanic.com,https://www.yourmechanic.com:443/careers,Custom_careers_Page
Fond,SaaS,https://fond.co,https://jobs.lever.co/fond,URL_Guess
Quartzy,Enterprise Software,https://quartzy.com,https://jobs.lever.co/quartzy,URL_Guess
Bigscreen,Consumer,https://bigscreenvr.com,https://bigscreenvr.com/careers/,Custom_careers_Page
Soylent,Food,https://soylent.com,,
10% Happier,EdTech,https://happierliving.com,,
Siolta Therapeutics,Biotech,https://sioltatherapeutics.com,https://www.sioltatherapeutics.com/careers,Custom_careers_Page
Luka,Consumer,https://luka.ai,,
Rainforest QA,SaaS,https://rainforestqa.com,https://www.rainforestqa.com/careers,Custom_careers_Page
Suiteness,Travel,https://suiteness.com,https://www.suiteness.com/careers,Custom_careers_Page
LeadGenius,Enterprise Software,https://leadgenius.com,,
voxelcloud,Artificial Intelligence,https://voxelcloud.ai,,
Indiegogo,Crowdfunding,https://indiegogo.com,,
Grokker,Healthcare,https://grokker.com,https://www.grokker.com/careers,Custom_jobs_Page
Cobalt Robotics,Cybersecurity,https://cobaltrobotics.com,https://www.cobaltai.com/careers/,Custom_careers_Page
Health IQ,Healthcare,https://healthiq.com,,
Vise,FinTech,https://viseca.ch,,
Gobble,Food & Drinks,https://gobble.com,https://www.gobble.com/careers/,Custom_careers_Page
Digital.ai,Enterprise Software,https://digital.ai,https://digital.ai/why-digital-ai/careers/,Custom_careers_Page
Candid,Dental Healthcare,https://candid.org,https://candid.org/careers/,Custom_careers_Page
Thanx,E-Commerce,https://thanx.com,https://www.thanx.com/careers,Custom_careers_Page
Kumu Networks,Mobile,https://kumunetworks.com,,
The One Music Group,Music,,,
Science Exchange,Marketplaces,https://scienceexchange.com,https://www.scienceexchange.com/careers,Custom_careers_Page
MealPal,SaaS,https://mealpal.com,https://careers.mealpal.com/,Custom_careers_Page
Golden,Artificial Intelligence,https://golden1.com,,
World Labs,Artificial Intelligence,https://worldlabs.org,,
Robust Intelligence,Artificial Intelligence,https://robustintelligence.com,,
Grabango,FinTech,https://grabango.com,,
Yes Health,Healthcare,https://yeshealth.com,,
Kneron,Artificial Intelligence,https://kneron.com,,
Ambience,Artificial Intelligence,https://ambiencechoice.com,,
Belong,Real Estate,https://belong.org,,
Formation Bio,Healthcare,https://formationbiologics.com,,
CrowdAI,Image Recognition,https://crowdai.com,,
