company_name,stage,error_type,error_message,timestamp_utc
Pogo,search,search_http_403,HTTP Error 403: Forbidden,1772587302
Render,search,search_http_403,HTTP Error 403: Forbidden,1772587302
Listen Labs,search,search_http_403,HTTP Error 403: Forbidden,1772587302
Rilla,search,search_http_403,HTTP Error 403: Forbidden,1772587302
Blossom,search,search_http_403,HTTP Error 403: Forbidden,1772587302
Adaptive Security,search,search_http_403,HTTP Error 403: Forbidden,1772587302
Traba,search,search_http_403,HTTP Error 403: Forbidden,1772587302
Harmonic,search,search_http_403,HTTP Error 403: Forbidden,1772587302
Ambience Healthcare,search,search_http_403,HTTP Error 403: Forbidden,1772587303
Tennr,search,search_http_403,HTTP Error 403: Forbidden,1772587303
Kalshi,search,search_http_403,HTTP Error 403: Forbidden,1772587303
ClickHouse,search,search_http_403,HTTP Error 403: Forbidden,1772587303
Statsig,search,search_http_403,HTTP Error 403: Forbidden,1772587303
Vivodyne,search,search_http_403,HTTP Error 403: Forbidden,1772587303
NewLimit,search,search_http_403,HTTP Error 403: Forbidden,1772587303
Apex,search,search_http_403,HTTP Error 403: Forbidden,1772587303
Reflect Orbital,search,search_http_403,HTTP Error 403: Forbidden,1772587303
Base Power,search,search_http_403,HTTP Error 403: Forbidden,1772587303
Sprinter Health,search,search_http_403,HTTP Error 403: Forbidden,1772587304
Varda,search,search_http_403,HTTP Error 403: Forbidden,1772587304
Ataraxis,search,search_http_403,HTTP Error 403: Forbidden,1772587304
Graphite,search,search_http_403,HTTP Error 403: Forbidden,1772587304
Temporal,search,search_http_403,HTTP Error 403: Forbidden,1772587304
Saronic,search,search_http_403,HTTP Error 403: Forbidden,1772587304
Camber,search,search_http_403,HTTP Error 403: Forbidden,1772587304
Clay,search,search_http_403,HTTP Error 403: Forbidden,1772587304
Graphiant,search,search_http_403,HTTP Error 403: Forbidden,1772587304
HighTouch.io,search,search_http_403,HTTP Error 403: Forbidden,1772587304
Eclypsium,search,search_http_403,HTTP Error 403: Forbidden,1772587305
Stainless,search,search_http_403,HTTP Error 403: Forbidden,1772587305
Basis,search,search_http_403,HTTP Error 403: Forbidden,1772587305
Speak,search,search_http_403,HTTP Error 403: Forbidden,1772587305
Radiant,search,search_http_403,HTTP Error 403: Forbidden,1772587305
Infinitus,search,search_http_403,HTTP Error 403: Forbidden,1772587305
Nooks,search,search_http_403,HTTP Error 403: Forbidden,1772587305
Decagon,search,search_http_403,HTTP Error 403: Forbidden,1772587305
World Labs,search,search_http_403,HTTP Error 403: Forbidden,1772587305
Safe Superintelligence,search,search_http_403,HTTP Error 403: Forbidden,1772587306
Atlys,search,search_http_403,HTTP Error 403: Forbidden,1772587306
Cortex,search,search_http_403,HTTP Error 403: Forbidden,1772587306
Codeium,search,search_http_403,HTTP Error 403: Forbidden,1772587306
Cents,search,search_http_403,HTTP Error 403: Forbidden,1772587306
Allium,search,search_http_403,HTTP Error 403: Forbidden,1772587306
Ema,search,search_http_403,HTTP Error 403: Forbidden,1772587306
Captions,search,search_http_403,HTTP Error 403: Forbidden,1772587306
Caldera,search,search_http_403,HTTP Error 403: Forbidden,1772587306
Coast,search,search_http_403,HTTP Error 403: Forbidden,1772587307
Hebbia,search,search_http_403,HTTP Error 403: Forbidden,1772587307
Quantum Circuits,search,search_http_403,HTTP Error 403: Forbidden,1772587307
xAI,search,search_http_403,HTTP Error 403: Forbidden,1772587307
Alkira,search,search_http_403,HTTP Error 403: Forbidden,1772587307
Together,search,search_http_403,HTTP Error 403: Forbidden,1772587307
HeyGen,search,search_http_403,HTTP Error 403: Forbidden,1772587307
Fireworks AI,search,search_http_403,HTTP Error 403: Forbidden,1772587307
Pomelo,search,search_http_403,HTTP Error 403: Forbidden,1772587307
Cognition,search,search_http_403,HTTP Error 403: Forbidden,1772587307
Ambience,search,search_http_403,HTTP Error 403: Forbidden,1772587308
LangChain,search,search_http_403,HTTP Error 403: Forbidden,1772587308
Hadrian,search,search_http_403,HTTP Error 403: Forbidden,1772587308
Watershed,search,search_http_403,HTTP Error 403: Forbidden,1772587308
DUST Identity,search,search_http_403,HTTP Error 403: Forbidden,1772587308
Pika,search,search_http_403,HTTP Error 403: Forbidden,1772587308
Air Space Intelligence,search,search_http_403,HTTP Error 403: Forbidden,1772587308
Squint,search,search_http_403,HTTP Error 403: Forbidden,1772587309
Instabase,search,search_http_403,HTTP Error 403: Forbidden,1772587309
Axoni,search,search_http_403,HTTP Error 403: Forbidden,1772587309
Replit,search,search_http_403,HTTP Error 403: Forbidden,1772587309
Memora Health,search,search_http_403,HTTP Error 403: Forbidden,1772587309
Mojo Vision,search,search_http_403,HTTP Error 403: Forbidden,1772587309
dashbot.io,search,search_http_403,HTTP Error 403: Forbidden,1772587309
Zus Health,search,search_http_403,HTTP Error 403: Forbidden,1772587309
Shef,search,search_http_403,HTTP Error 403: Forbidden,1772587309
Light Field Lab,search,search_http_403,HTTP Error 403: Forbidden,1772587309
MindsDB,search,search_http_403,HTTP Error 403: Forbidden,1772587309
IgGenix,search,search_http_403,HTTP Error 403: Forbidden,1772587310
Mad Street Den,search,search_http_403,HTTP Error 403: Forbidden,1772587310
Asimov,search,search_http_403,HTTP Error 403: Forbidden,1772587310
Synchron,search,search_http_403,HTTP Error 403: Forbidden,1772587310
Ostro,search,search_http_403,HTTP Error 403: Forbidden,1772587310
arketa,search,search_http_403,HTTP Error 403: Forbidden,1772587310
SpinLaunch,search,search_http_403,HTTP Error 403: Forbidden,1772587310
Fathom,search,search_http_403,HTTP Error 403: Forbidden,1772587310
Atmos,search,search_http_403,HTTP Error 403: Forbidden,1772587310
Imagine Impact,search,search_http_403,HTTP Error 403: Forbidden,1772587311
AMP Robotics,search,search_http_403,HTTP Error 403: Forbidden,1772587311
Landis,search,search_http_403,HTTP Error 403: Forbidden,1772587311
Viome,search,search_http_403,HTTP Error 403: Forbidden,1772587311
Golden,search,search_http_403,HTTP Error 403: Forbidden,1772587311
Workstream,search,search_http_403,HTTP Error 403: Forbidden,1772587311
Kumo,search,search_http_403,HTTP Error 403: Forbidden,1772587311
GlossGenius,search,search_http_403,HTTP Error 403: Forbidden,1772587311
Knoetic,search,search_http_403,HTTP Error 403: Forbidden,1772587311
Patch,search,search_http_403,HTTP Error 403: Forbidden,1772587311
Carbyne,search,search_http_403,HTTP Error 403: Forbidden,1772587312
Ori,search,search_http_403,HTTP Error 403: Forbidden,1772587312
Isovalent,search,search_http_403,HTTP Error 403: Forbidden,1772587312
Alloy,search,search_http_403,HTTP Error 403: Forbidden,1772587312
Incredible Health,search,search_http_403,HTTP Error 403: Forbidden,1772587312
Truework,search,search_http_403,HTTP Error 403: Forbidden,1772587312
MarqVision,search,search_http_403,HTTP Error 403: Forbidden,1772587312
Sprig,search,search_http_403,HTTP Error 403: Forbidden,1772587312
Retool,search,search_http_403,HTTP Error 403: Forbidden,1772587312
Paragon,search,search_http_403,HTTP Error 403: Forbidden,1772587313
CAMP4 Therapeutics,search,search_http_403,HTTP Error 403: Forbidden,1772587313
Tecton.AI,search,search_http_403,HTTP Error 403: Forbidden,1772587313
WiredScore,search,search_http_403,HTTP Error 403: Forbidden,1772587313
Tomorrow Health,search,search_http_403,HTTP Error 403: Forbidden,1772587313
Pave,search,search_http_403,HTTP Error 403: Forbidden,1772587313
Courier,search,search_http_403,HTTP Error 403: Forbidden,1772587313
Fountain,search,search_http_403,HTTP Error 403: Forbidden,1772587313
Middesk,search,search_http_403,HTTP Error 403: Forbidden,1772587313
Cambly,search,search_http_403,HTTP Error 403: Forbidden,1772587313
Metawave,search,search_http_403,HTTP Error 403: Forbidden,1772587313
Belong,search,search_http_403,HTTP Error 403: Forbidden,1772587314
Mirvie,search,search_http_403,HTTP Error 403: Forbidden,1772587314
Vivun,search,search_http_403,HTTP Error 403: Forbidden,1772587314
Instabug,search,search_http_403,HTTP Error 403: Forbidden,1772587314
Unit,search,search_http_403,HTTP Error 403: Forbidden,1772587314
Turquoise Health,search,search_http_403,HTTP Error 403: Forbidden,1772587314
Primer,search,search_http_403,HTTP Error 403: Forbidden,1772587314
Doppler,search,search_http_403,HTTP Error 403: Forbidden,1772587314
Mutiny,search,search_http_429,HTTP Error 429: Too Many Requests,1772587314
Octant Bio,search,search_http_403,HTTP Error 403: Forbidden,1772587314
Playbook,search,search_http_429,HTTP Error 429: Too Many Requests,1772587314
One More Game,search,search_http_429,HTTP Error 429: Too Many Requests,1772587315
Built Robotics,search,search_http_403,HTTP Error 403: Forbidden,1772587315
Lilt,search,search_http_403,HTTP Error 403: Forbidden,1772587315
Ellevest,search,search_http_403,HTTP Error 403: Forbidden,1772587315
Skiff,search,search_http_429,HTTP Error 429: Too Many Requests,1772587315
Flock Homes,search,search_http_429,HTTP Error 429: Too Many Requests,1772587315
Jeeves,search,search_http_429,HTTP Error 429: Too Many Requests,1772587315
Subject,search,search_http_429,HTTP Error 429: Too Many Requests,1772587315
Deepcell,search,search_http_429,HTTP Error 429: Too Many Requests,1772587315
Webflow,search,search_http_429,HTTP Error 429: Too Many Requests,1772587316
SmithRx,search,search_http_403,HTTP Error 403: Forbidden,1772587316
Hermeus,search,search_http_429,HTTP Error 429: Too Many Requests,1772587316
Propel,search,search_http_429,HTTP Error 429: Too Many Requests,1772587316
Disco,search,search_http_403,HTTP Error 403: Forbidden,1772587316
Apollo.io,search,search_http_429,HTTP Error 429: Too Many Requests,1772587316
BillionToOne,search,search_http_429,HTTP Error 429: Too Many Requests,1772587316
Fabric,search,search_http_429,HTTP Error 429: Too Many Requests,1772587316
Promise,search,search_http_403,HTTP Error 403: Forbidden,1772587316
AnyRoad,search,search_http_429,HTTP Error 429: Too Many Requests,1772587316
Secureframe,search,search_http_429,HTTP Error 429: Too Many Requests,1772587317
WorkWhile,search,search_http_429,HTTP Error 429: Too Many Requests,1772587317
PopSQL,search,search_http_429,HTTP Error 429: Too Many Requests,1772587317
Homebound,search,search_http_429,HTTP Error 429: Too Many Requests,1772587317
Wander,search,search_http_429,HTTP Error 429: Too Many Requests,1772587317
Alchemy,search,search_http_429,HTTP Error 429: Too Many Requests,1772587317
Census,search,search_http_429,HTTP Error 429: Too Many Requests,1772587317
Mos,search,search_http_429,HTTP Error 429: Too Many Requests,1772587317
Phantom,search,search_http_429,HTTP Error 429: Too Many Requests,1772587317
Vesta,search,search_http_429,HTTP Error 429: Too Many Requests,1772587317
Compound Financial,search,search_http_429,HTTP Error 429: Too Many Requests,1772587317
CoinTracker,search,search_http_429,HTTP Error 429: Too Many Requests,1772587317
Supermove,search,search_http_429,HTTP Error 429: Too Many Requests,1772587318
CaptivateIQ,search,search_http_429,HTTP Error 429: Too Many Requests,1772587318
Scratchpad,search,search_http_429,HTTP Error 429: Too Many Requests,1772587318
Cellino,search,search_http_429,HTTP Error 429: Too Many Requests,1772587318
Culdesac,search,search_http_429,HTTP Error 429: Too Many Requests,1772587318
Virtru,search,search_http_429,HTTP Error 429: Too Many Requests,1772587318
Autograph,search,search_http_429,HTTP Error 429: Too Many Requests,1772587318
Smartcar,search,search_http_429,HTTP Error 429: Too Many Requests,1772587318
Clockwise,search,search_http_429,HTTP Error 429: Too Many Requests,1772587318
Merit,search,search_http_429,HTTP Error 429: Too Many Requests,1772587319
Wonderschool,search,search_http_429,HTTP Error 429: Too Many Requests,1772587319
Envoy,search,search_http_429,HTTP Error 429: Too Many Requests,1772587319
Miro,search,search_http_429,HTTP Error 429: Too Many Requests,1772587319
OpenSea,search,search_http_429,HTTP Error 429: Too Many Requests,1772587319
Pyka,search,search_http_429,HTTP Error 429: Too Many Requests,1772587319
Tackle,search,search_http_429,HTTP Error 429: Too Many Requests,1772587319
Searchlight,search,search_http_429,HTTP Error 429: Too Many Requests,1772587319
SkySafe,search,search_http_429,HTTP Error 429: Too Many Requests,1772587319
Papaya,search,search_http_429,HTTP Error 429: Too Many Requests,1772587319
Stoke Space,search,search_http_429,HTTP Error 429: Too Many Requests,1772587319
Mixhalo,search,search_http_429,HTTP Error 429: Too Many Requests,1772587319
Wonder Dynamics,search,search_http_429,HTTP Error 429: Too Many Requests,1772587320
Robust Intelligence,search,search_http_429,HTTP Error 429: Too Many Requests,1772587320
Deed,search,search_http_429,HTTP Error 429: Too Many Requests,1772587320
Mio,search,search_http_429,HTTP Error 429: Too Many Requests,1772587320
Torq,search,search_http_429,HTTP Error 429: Too Many Requests,1772587320
Anyscale,search,search_http_403,HTTP Error 403: Forbidden,1772587320
CyCognito,search,search_http_429,HTTP Error 429: Too Many Requests,1772587320
Commonwealth Fusion,search,search_http_429,HTTP Error 429: Too Many Requests,1772587320
CloudTrucks,search,search_http_429,HTTP Error 429: Too Many Requests,1772587320
Iron Fish,search,search_http_429,HTTP Error 429: Too Many Requests,1772587320
Lessen,search,search_http_429,HTTP Error 429: Too Many Requests,1772587320
Quince,search,search_http_429,HTTP Error 429: Too Many Requests,1772587320
Conduktor,search,search_http_429,HTTP Error 429: Too Many Requests,1772587321
Royal,search,search_http_429,HTTP Error 429: Too Many Requests,1772587321
Stytch,search,search_http_429,HTTP Error 429: Too Many Requests,1772587321
Fountain Therapeutics,search,search_http_429,HTTP Error 429: Too Many Requests,1772587321
PlanetScale,search,search_http_429,HTTP Error 429: Too Many Requests,1772587321
Luxury Presence,search,search_http_429,HTTP Error 429: Too Many Requests,1772587321
Ribbon Health,search,search_http_429,HTTP Error 429: Too Many Requests,1772587321
Netography,search,search_http_429,HTTP Error 429: Too Many Requests,1772587321
Orderful,search,search_http_429,HTTP Error 429: Too Many Requests,1772587321
Wrapbook,search,search_http_429,HTTP Error 429: Too Many Requests,1772587321
VergeSense,search,search_http_429,HTTP Error 429: Too Many Requests,1772587322
Faraway,search,search_http_429,HTTP Error 429: Too Many Requests,1772587322
Mythical Games,search,search_http_429,HTTP Error 429: Too Many Requests,1772587322
Whimsical,search,search_http_429,HTTP Error 429: Too Many Requests,1772587322
UnitedMasters,search,search_http_429,HTTP Error 429: Too Many Requests,1772587322
Drip Capital,search,search_http_429,HTTP Error 429: Too Many Requests,1772587322
ClickUp,search,search_http_429,HTTP Error 429: Too Many Requests,1772587322
Matik,search,search_http_429,HTTP Error 429: Too Many Requests,1772587322
Lightship,search,search_http_429,HTTP Error 429: Too Many Requests,1772587322
All Day Kitchens,search,search_http_429,HTTP Error 429: Too Many Requests,1772587322
Neural Magic,search,search_http_429,HTTP Error 429: Too Many Requests,1772587322
Solugen,search,search_http_429,HTTP Error 429: Too Many Requests,1772587323
Osaro,search,search_http_429,HTTP Error 429: Too Many Requests,1772587323
Superhuman,search,search_http_429,HTTP Error 429: Too Many Requests,1772587323
Arevo,search,search_http_429,HTTP Error 429: Too Many Requests,1772587323
eGenesis,search,search_http_429,HTTP Error 429: Too Many Requests,1772587323
Facilio,search,search_http_429,HTTP Error 429: Too Many Requests,1772587323
WorkRamp,search,search_http_429,HTTP Error 429: Too Many Requests,1772587323
Elemeno Health,search,search_http_429,HTTP Error 429: Too Many Requests,1772587323
Zenysis,search,search_http_429,HTTP Error 429: Too Many Requests,1772587323
May Mobility,search,search_http_429,HTTP Error 429: Too Many Requests,1772587323
Tesorio,search,search_http_429,HTTP Error 429: Too Many Requests,1772587323
HyperTrack,search,search_http_429,HTTP Error 429: Too Many Requests,1772587323
KERV Interactive,search,search_http_429,HTTP Error 429: Too Many Requests,1772587323
Nimble Pharmacy,search,search_http_429,HTTP Error 429: Too Many Requests,1772587324
Notion,search,search_http_429,HTTP Error 429: Too Many Requests,1772587324
Gem,search,search_http_429,HTTP Error 429: Too Many Requests,1772587324
Formation Bio,search,search_http_429,HTTP Error 429: Too Many Requests,1772587324
Loyal,search,search_http_429,HTTP Error 429: Too Many Requests,1772587324
Misfits Market,search,search_http_429,HTTP Error 429: Too Many Requests,1772587324
Stardust,search,search_http_429,HTTP Error 429: Too Many Requests,1772587324
ROME Therapeutics,search,search_http_429,HTTP Error 429: Too Many Requests,1772587324
GenEdit,search,search_http_429,HTTP Error 429: Too Many Requests,1772587324
Elodie Games,search,search_http_429,HTTP Error 429: Too Many Requests,1772587325
Rapid Robotics,search,search_http_429,HTTP Error 429: Too Many Requests,1772587325
Catch&Release,search,search_http_429,HTTP Error 429: Too Many Requests,1772587325
Monad,search,search_http_429,HTTP Error 429: Too Many Requests,1772587325
Aalto,search,search_http_429,HTTP Error 429: Too Many Requests,1772587325
Tabular Technologies,search,search_http_429,HTTP Error 429: Too Many Requests,1772587325
Robocorp,search,search_http_429,HTTP Error 429: Too Many Requests,1772587325
Dover,search,search_http_429,HTTP Error 429: Too Many Requests,1772587325
Origin,search,search_http_429,HTTP Error 429: Too Many Requests,1772587325
Coco,search,search_http_429,HTTP Error 429: Too Many Requests,1772587325
Calibrate,search,search_http_429,HTTP Error 429: Too Many Requests,1772587325
Jetty,search,search_http_429,HTTP Error 429: Too Many Requests,1772587325
Juno,search,search_http_429,HTTP Error 429: Too Many Requests,1772587325
Hipcamp,search,search_http_429,HTTP Error 429: Too Many Requests,1772587326
Titan,search,search_http_429,HTTP Error 429: Too Many Requests,1772587326
Doxel,search,search_http_429,HTTP Error 429: Too Many Requests,1772587326
PicsArt,search,search_http_429,HTTP Error 429: Too Many Requests,1772587326
SplashLearn,search,search_http_429,HTTP Error 429: Too Many Requests,1772587326
Zomentum,search,search_http_429,HTTP Error 429: Too Many Requests,1772587326
Orum,search,search_http_429,HTTP Error 429: Too Many Requests,1772587326
unitQ,search,search_http_429,HTTP Error 429: Too Many Requests,1772587326
Centaur Labs,search,search_http_429,HTTP Error 429: Too Many Requests,1772587326
Solv Health,search,search_http_429,HTTP Error 429: Too Many Requests,1772587326
Popshop Live,search,search_http_429,HTTP Error 429: Too Many Requests,1772587326
Passport,search,search_http_429,HTTP Error 429: Too Many Requests,1772587327
Moveworks,search,search_http_429,HTTP Error 429: Too Many Requests,1772587327
Thrive Global,search,search_http_429,HTTP Error 429: Too Many Requests,1772587327
Interos,search,search_http_429,HTTP Error 429: Too Many Requests,1772587327
Neuralink,search,search_http_429,HTTP Error 429: Too Many Requests,1772587327
Modern Animal,search,search_http_429,HTTP Error 429: Too Many Requests,1772587327
MakersPlace,search,search_http_429,HTTP Error 429: Too Many Requests,1772587327
Connie Health,search,search_http_429,HTTP Error 429: Too Many Requests,1772587327
SentiLink,search,search_http_429,HTTP Error 429: Too Many Requests,1772587327
CareStack,search,search_http_429,HTTP Error 429: Too Many Requests,1772587327
Blameless,search,search_http_429,HTTP Error 429: Too Many Requests,1772587328
Slintel,search,search_http_429,HTTP Error 429: Too Many Requests,1772587328
Multiply Labs,search,search_http_429,HTTP Error 429: Too Many Requests,1772587328
Plate IQ,search,search_http_429,HTTP Error 429: Too Many Requests,1772587328
Lob,search,search_http_429,HTTP Error 429: Too Many Requests,1772587328
Cofactor Genomics,search,search_http_429,HTTP Error 429: Too Many Requests,1772587328
Tovala,search,search_http_429,HTTP Error 429: Too Many Requests,1772587328
SafetyWing,search,search_http_429,HTTP Error 429: Too Many Requests,1772587328
Flowspace,search,search_http_429,HTTP Error 429: Too Many Requests,1772587328
"Bot, M.D.",search,search_http_429,HTTP Error 429: Too Many Requests,1772587329
Prodigal,search,search_http_429,HTTP Error 429: Too Many Requests,1772587329
Standard AI,search,search_http_429,HTTP Error 429: Too Many Requests,1772587329
Phiar Technologies,search,search_http_429,HTTP Error 429: Too Many Requests,1772587329
SendBird,search,search_http_429,HTTP Error 429: Too Many Requests,1772587329
Memfault,search,search_http_429,HTTP Error 429: Too Many Requests,1772587329
Nuvocargo,search,search_http_429,HTTP Error 429: Too Many Requests,1772587329
Treasury Prime,search,search_http_429,HTTP Error 429: Too Many Requests,1772587329
Forage,search,search_http_429,HTTP Error 429: Too Many Requests,1772587329
Outschool,search,search_http_429,HTTP Error 429: Too Many Requests,1772587329
Shogun,search,search_http_429,HTTP Error 429: Too Many Requests,1772587329
H1,search,search_http_429,HTTP Error 429: Too Many Requests,1772587329
Curtsy,search,search_http_429,HTTP Error 429: Too Many Requests,1772587330
Landed,search,search_http_429,HTTP Error 429: Too Many Requests,1772587330
CrowdAI,search,search_http_429,HTTP Error 429: Too Many Requests,1772587330
Ophelia,search,search_http_429,HTTP Error 429: Too Many Requests,1772587330
LegionFarm,search,search_http_429,HTTP Error 429: Too Many Requests,1772587330
Jerry,search,search_http_429,HTTP Error 429: Too Many Requests,1772587330
FightCamp,search,search_http_429,HTTP Error 429: Too Many Requests,1772587330
Contraline,search,search_http_429,HTTP Error 429: Too Many Requests,1772587330
Voiceops,search,search_http_429,HTTP Error 429: Too Many Requests,1772587330
Carrot Fertility,search,search_http_429,HTTP Error 429: Too Many Requests,1772587330
ZenBusiness,search,search_http_429,HTTP Error 429: Too Many Requests,1772587330
Wild Earth,search,search_http_429,HTTP Error 429: Too Many Requests,1772587331
Teckro,search,search_http_429,HTTP Error 429: Too Many Requests,1772587331
Sundae,search,search_http_429,HTTP Error 429: Too Many Requests,1772587331
Turing,search,search_http_429,HTTP Error 429: Too Many Requests,1772587331
Literati,search,search_http_429,HTTP Error 429: Too Many Requests,1772587331
Eco,search,search_http_429,HTTP Error 429: Too Many Requests,1772587331
Grabango,search,search_http_429,HTTP Error 429: Too Many Requests,1772587331
Florence Healthcare,search,search_http_429,HTTP Error 429: Too Many Requests,1772587331
Albert,search,search_http_429,HTTP Error 429: Too Many Requests,1772587331
onX,search,search_http_429,HTTP Error 429: Too Many Requests,1772587331
Centivo,search,search_http_429,HTTP Error 429: Too Many Requests,1772587331
Brightwheel,search,search_http_429,HTTP Error 429: Too Many Requests,1772587332
Verato,search,search_http_429,HTTP Error 429: Too Many Requests,1772587332
Crosschq,search,search_http_429,HTTP Error 429: Too Many Requests,1772587332
Shopmonkey,search,search_http_429,HTTP Error 429: Too Many Requests,1772587332
Zoomin,search,search_http_429,HTTP Error 429: Too Many Requests,1772587332
Syndio,search,search_http_429,HTTP Error 429: Too Many Requests,1772587332
Coiled,search,search_http_429,HTTP Error 429: Too Many Requests,1772587332
Fold App,search,search_http_429,HTTP Error 429: Too Many Requests,1772587332
Ganaz,search,search_http_429,HTTP Error 429: Too Many Requests,1772587332
MaintainX,search,search_http_429,HTTP Error 429: Too Many Requests,1772587332
Prefect,search,search_http_429,HTTP Error 429: Too Many Requests,1772587333
Manticore Games,search,search_http_429,HTTP Error 429: Too Many Requests,1772587333
Modern Treasury,search,search_http_429,HTTP Error 429: Too Many Requests,1772587333
BetterWorks,search,search_http_429,HTTP Error 429: Too Many Requests,1772587333
Kinsa,search,search_http_429,HTTP Error 429: Too Many Requests,1772587333
Tulip Retail,search,search_http_429,HTTP Error 429: Too Many Requests,1772587333
Helix,search,search_http_429,HTTP Error 429: Too Many Requests,1772587333
Audius,search,search_http_429,HTTP Error 429: Too Many Requests,1772587333
Cameo,search,search_http_429,HTTP Error 429: Too Many Requests,1772587333
Comma.ai,search,search_http_429,HTTP Error 429: Too Many Requests,1772587333
Medium,search,search_http_429,HTTP Error 429: Too Many Requests,1772587333
Descript,search,search_http_429,HTTP Error 429: Too Many Requests,1772587333
Overtime,search,search_http_429,HTTP Error 429: Too Many Requests,1772587333
preset.io,search,search_http_429,HTTP Error 429: Too Many Requests,1772587333
Snackpass,search,search_http_429,HTTP Error 429: Too Many Requests,1772587334
Workboard,search,search_http_429,HTTP Error 429: Too Many Requests,1772587334
Alluxio,search,search_http_429,HTTP Error 429: Too Many Requests,1772587334
insitro,search,search_http_429,HTTP Error 429: Too Many Requests,1772587334
Yellow Card,search,search_http_429,HTTP Error 429: Too Many Requests,1772587334
Divvy Homes,search,search_http_429,HTTP Error 429: Too Many Requests,1772587334
AKASA,search,search_http_429,HTTP Error 429: Too Many Requests,1772587334
Substack,search,search_http_429,HTTP Error 429: Too Many Requests,1772587334
Dyno Therapeutics,search,search_http_429,HTTP Error 429: Too Many Requests,1772587334
ChartHop,search,search_http_429,HTTP Error 429: Too Many Requests,1772587334
Solana,search,search_http_429,HTTP Error 429: Too Many Requests,1772587334
FlyHomes,search,search_http_429,HTTP Error 429: Too Many Requests,1772587335
Singularity 6,search,search_http_429,HTTP Error 429: Too Many Requests,1772587335
Thesis,search,search_http_429,HTTP Error 429: Too Many Requests,1772587335
Nobell Foods,search,search_http_429,HTTP Error 429: Too Many Requests,1772587335
Cape Analytics,search,search_http_429,HTTP Error 429: Too Many Requests,1772587335
Kiddom,search,search_http_429,HTTP Error 429: Too Many Requests,1772587335
Homebase,search,search_http_429,HTTP Error 429: Too Many Requests,1772587335
Bungalow,search,search_http_429,HTTP Error 429: Too Many Requests,1772587335
Catch,search,search_http_429,HTTP Error 429: Too Many Requests,1772587335
AttackIQ,search,search_http_429,HTTP Error 429: Too Many Requests,1772587335
Abacus.AI,search,search_http_429,HTTP Error 429: Too Many Requests,1772587335
Eight Sleep,search,search_http_429,HTTP Error 429: Too Many Requests,1772587335
Tempo,search,search_http_429,HTTP Error 429: Too Many Requests,1772587335
Level,search,search_http_429,HTTP Error 429: Too Many Requests,1772587335
Docbot,search,search_http_429,HTTP Error 429: Too Many Requests,1772587336
Bitwise Asset Management,search,search_http_429,HTTP Error 429: Too Many Requests,1772587336
lexion.ai,search,search_http_429,HTTP Error 429: Too Many Requests,1772587336
Lula,search,search_http_429,HTTP Error 429: Too Many Requests,1772587336
Mighty Buildings,search,search_http_429,HTTP Error 429: Too Many Requests,1772587336
ActionIQ,search,search_http_429,HTTP Error 429: Too Many Requests,1772587336
LocoNav,search,search_http_429,HTTP Error 429: Too Many Requests,1772587336
Puls,search,search_http_429,HTTP Error 429: Too Many Requests,1772587337
Pendulum Therapeutics,search,search_http_429,HTTP Error 429: Too Many Requests,1772587337
The Org,search,search_http_429,HTTP Error 429: Too Many Requests,1772587337
mmhmm,search,search_http_429,HTTP Error 429: Too Many Requests,1772587337
StrongDM,search,search_http_429,HTTP Error 429: Too Many Requests,1772587337
Pilot.com,search,search_http_429,HTTP Error 429: Too Many Requests,1772587337
Bigeye,search,search_http_429,HTTP Error 429: Too Many Requests,1772587337
Releasehub,search,search_http_429,HTTP Error 429: Too Many Requests,1772587338
Vise,search,search_http_429,HTTP Error 429: Too Many Requests,1772587338
Loom,search,search_http_429,HTTP Error 429: Too Many Requests,1772587338
Physna,search,search_http_429,HTTP Error 429: Too Many Requests,1772587338
Silk,search,search_http_429,HTTP Error 429: Too Many Requests,1772587338
StreamSets,search,search_http_429,HTTP Error 429: Too Many Requests,1772587338
Chief,search,search_http_429,HTTP Error 429: Too Many Requests,1772587338
REVL,search,search_http_429,HTTP Error 429: Too Many Requests,1772587338
Nova Credit,search,search_http_429,HTTP Error 429: Too Many Requests,1772587339
Skydrop,search,search_http_429,HTTP Error 429: Too Many Requests,1772587339
Function of Beauty,search,search_http_429,HTTP Error 429: Too Many Requests,1772587339
Petcube,search,search_http_429,HTTP Error 429: Too Many Requests,1772587339
BloomTech (fka Lambda School),search,search_http_429,HTTP Error 429: Too Many Requests,1772587339
Yoshi,search,search_http_429,HTTP Error 429: Too Many Requests,1772587339
Gatsby Trading,search,search_http_429,HTTP Error 429: Too Many Requests,1772587339
Universe,search,search_http_429,HTTP Error 429: Too Many Requests,1772587339
Observe.AI,search,search_http_429,HTTP Error 429: Too Many Requests,1772587339
Boom Supersonic,search,search_http_429,HTTP Error 429: Too Many Requests,1772587339
FidoCure,search,search_http_429,HTTP Error 429: Too Many Requests,1772587339
Meru Health,search,search_http_429,HTTP Error 429: Too Many Requests,1772587339
ADVANO,search,search_http_429,HTTP Error 429: Too Many Requests,1772587339
Datree,search,search_http_429,HTTP Error 429: Too Many Requests,1772587339
lucy.co,search,search_http_429,HTTP Error 429: Too Many Requests,1772587340
Pelago,search,search_http_429,HTTP Error 429: Too Many Requests,1772587340
UpKeep,search,search_http_429,HTTP Error 429: Too Many Requests,1772587340
Raptor Maps,search,search_http_429,HTTP Error 429: Too Many Requests,1772587340
Narrator,search,search_http_429,HTTP Error 429: Too Many Requests,1772587340
Armory,search,search_http_429,HTTP Error 429: Too Many Requests,1772587340
Nabis,search,search_http_429,HTTP Error 429: Too Many Requests,1772587340
Elemental Machines,search,search_http_429,HTTP Error 429: Too Many Requests,1772587340
M0balytics,search,search_http_429,HTTP Error 429: Too Many Requests,1772587340
Peptilogics,search,search_http_429,HTTP Error 429: Too Many Requests,1772587340
Coder,search,search_http_429,HTTP Error 429: Too Many Requests,1772587340
Bunch,search,search_http_429,HTTP Error 429: Too Many Requests,1772587340
goTenna,search,search_http_429,HTTP Error 429: Too Many Requests,1772587341
Zinier,search,search_http_429,HTTP Error 429: Too Many Requests,1772587341
Motherly,search,search_http_429,HTTP Error 429: Too Many Requests,1772587341
Raise (formerly HelloOffice),search,search_http_429,HTTP Error 429: Too Many Requests,1772587341
AI Foundation,search,search_http_429,HTTP Error 429: Too Many Requests,1772587341
Fairwords,search,search_http_429,HTTP Error 429: Too Many Requests,1772587341
LeafLink,search,search_http_429,HTTP Error 429: Too Many Requests,1772587341
Raise.com,search,search_http_429,HTTP Error 429: Too Many Requests,1772587341
Eden,search,search_http_429,HTTP Error 429: Too Many Requests,1772587341
Cypress.io,search,search_http_429,HTTP Error 429: Too Many Requests,1772587341
Okera,search,search_http_429,HTTP Error 429: Too Many Requests,1772587341
Brainbase,search,search_http_429,HTTP Error 429: Too Many Requests,1772587341
Netdata,search,search_http_429,HTTP Error 429: Too Many Requests,1772587342
Streamloots,search,search_http_429,HTTP Error 429: Too Many Requests,1772587342
GetAccept,search,search_http_429,HTTP Error 429: Too Many Requests,1772587342
Iris Automation,search,search_http_429,HTTP Error 429: Too Many Requests,1772587342
Pachyderm,search,search_http_429,HTTP Error 429: Too Many Requests,1772587342
Pixie,search,search_http_429,HTTP Error 429: Too Many Requests,1772587342
BULLETIN,search,search_http_429,HTTP Error 429: Too Many Requests,1772587342
Trusona,search,search_http_429,HTTP Error 429: Too Many Requests,1772587342
Ripcord,search,search_http_429,HTTP Error 429: Too Many Requests,1772587342
Element Analytics,search,search_http_429,HTTP Error 429: Too Many Requests,1772587342
UJET,search,search_http_429,HTTP Error 429: Too Many Requests,1772587343
Veem,search,search_http_429,HTTP Error 429: Too Many Requests,1772587343
Feather,search,search_http_429,HTTP Error 429: Too Many Requests,1772587343
Allset,search,search_http_429,HTTP Error 429: Too Many Requests,1772587343
Rigetti Computing,search,search_http_429,HTTP Error 429: Too Many Requests,1772587343
CodeCombat,search,search_http_429,HTTP Error 429: Too Many Requests,1772587343
Very Good Security,search,search_http_429,HTTP Error 429: Too Many Requests,1772587343
Sleeper,search,search_http_429,HTTP Error 429: Too Many Requests,1772587343
Run The World,search,search_http_429,HTTP Error 429: Too Many Requests,1772587343
Journera,search,search_http_429,HTTP Error 429: Too Many Requests,1772587343
Drishti,search,search_http_429,HTTP Error 429: Too Many Requests,1772587343
Silo,search,search_http_429,HTTP Error 429: Too Many Requests,1772587343
RideCell,search,search_http_429,HTTP Error 429: Too Many Requests,1772587343
Modal,search,search_http_429,HTTP Error 429: Too Many Requests,1772587344
Akash Systems,search,search_http_429,HTTP Error 429: Too Many Requests,1772587344
Atomwise,search,search_http_429,HTTP Error 429: Too Many Requests,1772587344
Q.bio,search,search_http_429,HTTP Error 429: Too Many Requests,1772587344
Karius,search,search_http_429,HTTP Error 429: Too Many Requests,1772587344
Yes Health,search,search_http_429,HTTP Error 429: Too Many Requests,1772587344
HeartVista,search,search_http_429,HTTP Error 429: Too Many Requests,1772587344
Clear Labs,search,search_http_429,HTTP Error 429: Too Many Requests,1772587344
Fernish,search,search_http_429,HTTP Error 429: Too Many Requests,1772587344
Kernel,search,search_http_429,HTTP Error 429: Too Many Requests,1772587344
Siolta Therapeutics,search,search_http_429,HTTP Error 429: Too Many Requests,1772587344
Siren Health,search,search_http_429,HTTP Error 429: Too Many Requests,1772587344
Statespace,search,search_http_429,HTTP Error 429: Too Many Requests,1772587344
Uhnder,search,search_http_429,HTTP Error 429: Too Many Requests,1772587344
Curai Health,search,search_http_429,HTTP Error 429: Too Many Requests,1772587345
SirionLabs,search,search_http_429,HTTP Error 429: Too Many Requests,1772587345
Vivace Therapeutics,search,search_http_429,HTTP Error 429: Too Many Requests,1772587345
Kneron,search,search_http_429,HTTP Error 429: Too Many Requests,1772587345
Pony.ai,search,search_http_429,HTTP Error 429: Too Many Requests,1772587345
CleverTap,search,search_http_429,HTTP Error 429: Too Many Requests,1772587345
Finix,search,search_http_429,HTTP Error 429: Too Many Requests,1772587345
Empower,search,search_http_429,HTTP Error 429: Too Many Requests,1772587345
Biofourmis,search,search_http_429,HTTP Error 429: Too Many Requests,1772587345
Rockset,search,search_http_429,HTTP Error 429: Too Many Requests,1772587345
Linear,search,search_http_429,HTTP Error 429: Too Many Requests,1772587345
Confident Cannabis,search,search_http_429,HTTP Error 429: Too Many Requests,1772587345
MedCrypt,search,search_http_429,HTTP Error 429: Too Many Requests,1772587345
Tara Intelligence,search,search_http_429,HTTP Error 429: Too Many Requests,1772587345
Tachyus,search,search_http_429,HTTP Error 429: Too Many Requests,1772587346
RITUAL,search,search_http_429,HTTP Error 429: Too Many Requests,1772587346
Summersalt,search,search_http_429,HTTP Error 429: Too Many Requests,1772587346
Candid,search,search_http_429,HTTP Error 429: Too Many Requests,1772587346
Restaurant365,search,search_http_429,HTTP Error 429: Too Many Requests,1772587346
ManyChat,search,search_http_429,HTTP Error 429: Too Many Requests,1772587346
Blue Hexagon,search,search_http_429,HTTP Error 429: Too Many Requests,1772587346
Terminal,search,search_http_429,HTTP Error 429: Too Many Requests,1772587346
Kapwing,search,search_http_429,HTTP Error 429: Too Many Requests,1772587346
FabFitFun,search,search_http_429,HTTP Error 429: Too Many Requests,1772587346
Reputation.com,search,search_http_429,HTTP Error 429: Too Many Requests,1772587346
Castle,search,search_http_429,HTTP Error 429: Too Many Requests,1772587346
Plum,search,search_http_429,HTTP Error 429: Too Many Requests,1772587346
Neurotrack,search,search_http_429,HTTP Error 429: Too Many Requests,1772587347
Next Trucking,search,search_http_429,HTTP Error 429: Too Many Requests,1772587347
CB4 Analytics,search,search_http_429,HTTP Error 429: Too Many Requests,1772587347
Cobalt Robotics,search,search_http_429,HTTP Error 429: Too Many Requests,1772587347
Dolls Kill,search,search_http_429,HTTP Error 429: Too Many Requests,1772587347
Digital.ai,search,search_http_429,HTTP Error 429: Too Many Requests,1772587347
YapStone,search,search_http_429,HTTP Error 429: Too Many Requests,1772587347
Oasis Labs,search,search_http_429,HTTP Error 429: Too Many Requests,1772587347
Narvar,search,search_http_429,HTTP Error 429: Too Many Requests,1772587347
Scentbird Perfumes,search,search_http_429,HTTP Error 429: Too Many Requests,1772587347
SFOX,search,search_http_429,HTTP Error 429: Too Many Requests,1772587347
Wallarm,search,search_http_429,HTTP Error 429: Too Many Requests,1772587347
Naked Labs,search,search_http_429,HTTP Error 429: Too Many Requests,1772587347
Ara,search,search_http_429,HTTP Error 429: Too Many Requests,1772587347
Rainforest QA,search,search_http_429,HTTP Error 429: Too Many Requests,1772587348
ScyllaDB,search,search_http_429,HTTP Error 429: Too Many Requests,1772587348
YourMechanic,search,search_http_429,HTTP Error 429: Too Many Requests,1772587348
Earnin,search,search_http_429,HTTP Error 429: Too Many Requests,1772587348
10% Happier,search,search_http_429,HTTP Error 429: Too Many Requests,1772587348
indeni,search,search_http_429,HTTP Error 429: Too Many Requests,1772587348
voxelcloud,search,search_http_429,HTTP Error 429: Too Many Requests,1772587348
Opal Labs,search,search_http_429,HTTP Error 429: Too Many Requests,1772587348
Amino,search,search_http_429,HTTP Error 429: Too Many Requests,1772587348
Atomist,search,search_http_429,HTTP Error 429: Too Many Requests,1772587348
Science Exchange,search,search_http_429,HTTP Error 429: Too Many Requests,1772587348
Estimote,search,search_http_429,HTTP Error 429: Too Many Requests,1772587348
HOOKED,search,search_http_429,HTTP Error 429: Too Many Requests,1772587349
Adentro (formerly Zenreach),search,search_http_429,HTTP Error 429: Too Many Requests,1772587349
Hubble Contacts,search,search_http_429,HTTP Error 429: Too Many Requests,1772587349
MealPal,search,search_http_429,HTTP Error 429: Too Many Requests,1772587349
Bastille,search,search_http_429,HTTP Error 429: Too Many Requests,1772587349
Nuna,search,search_http_429,HTTP Error 429: Too Many Requests,1772587349
UNTUCKit,search,search_http_429,HTTP Error 429: Too Many Requests,1772587349
Soylent,search,search_http_429,HTTP Error 429: Too Many Requests,1772587349
Jopwell,search,search_http_429,HTTP Error 429: Too Many Requests,1772587349
Bigscreen,search,search_http_429,HTTP Error 429: Too Many Requests,1772587349
Health IQ,search,search_http_429,HTTP Error 429: Too Many Requests,1772587350
Gobble,search,search_http_429,HTTP Error 429: Too Many Requests,1772587350
Luka,search,search_http_429,HTTP Error 429: Too Many Requests,1772587350
LeadGenius,search,search_http_429,HTTP Error 429: Too Many Requests,1772587350
Suiteness,search,search_http_429,HTTP Error 429: Too Many Requests,1772587350
Indiegogo,search,search_http_429,HTTP Error 429: Too Many Requests,1772587350
Fond,search,search_http_429,HTTP Error 429: Too Many Requests,1772587350
Quartzy,search,search_http_429,HTTP Error 429: Too Many Requests,1772587350
Kumu Networks,search,search_http_429,HTTP Error 429: Too Many Requests,1772587350
Grokker,search,search_http_429,HTTP Error 429: Too Many Requests,1772587350
The One Music Group,search,search_http_429,HTTP Error 429: Too Many Requests,1772587350
Thanx,search,search_http_429,HTTP Error 429: Too Many Requests,1772587350
